,location_id,location_name,year_id,indicator_id,indicator_name,age_group_id,age_group_name,sex_id,sex_label,scenario,scenario_label,indicator_short,indicator_description,mean_estimate
0,39,Tajikistan,2024,1000,HIV incidence rate,22,All Ages,1,Males,-1,Worse,HIV Incid,"Age-standardized rate of new HIV infections (per 1,000).",0.0368237529474711
1,39,Tajikistan,2024,1000,HIV incidence rate,22,All Ages,1,Males,0,Reference,HIV Incid,"Age-standardized rate of new HIV infections (per 1,000).",0.0362686963554388
2,39,Tajikistan,2024,1000,HIV incidence rate,22,All Ages,1,Males,1,Better,HIV Incid,"Age-standardized rate of new HIV infections (per 1,000).",0.0352624508866274
3,39,Tajikistan,2024,1000,HIV incidence rate,22,All Ages,2,Females,-1,Worse,HIV Incid,"Age-standardized rate of new HIV infections (per 1,000).",0.114273902633258
4,39,Tajikistan,2024,1000,HIV incidence rate,22,All Ages,2,Females,0,Reference,HIV Incid,"Age-standardized rate of new HIV infections (per 1,000).",0.112579278836364
5,39,Tajikistan,2024,1000,HIV incidence rate,22,All Ages,2,Females,1,Better,HIV Incid,"Age-standardized rate of new HIV infections (per 1,000).",0.109514905818408
6,39,Tajikistan,2024,1000,HIV incidence rate,22,All Ages,3,Both sexes,-1,Worse,HIV Incid,"Age-standardized rate of new HIV infections (per 1,000).",0.0750532871174175
7,39,Tajikistan,2024,1000,HIV incidence rate,22,All Ages,3,Both sexes,0,Reference,HIV Incid,"Age-standardized rate of new HIV infections (per 1,000).",0.0739357380889736
8,39,Tajikistan,2024,1000,HIV incidence rate,22,All Ages,3,Both sexes,1,Better,HIV Incid,"Age-standardized rate of new HIV infections (per 1,000).",0.071913597134029
9,39,Tajikistan,2024,1001,Tuberculosis incidence rate,22,All Ages,1,Males,-1,Worse,TB Incid,"Age-standardized rate of tuberculosis cases (per 100,000).",49.90733043626143
10,39,Tajikistan,2024,1001,Tuberculosis incidence rate,22,All Ages,1,Males,0,Reference,TB Incid,"Age-standardized rate of tuberculosis cases (per 100,000).",45.81487943740793
11,39,Tajikistan,2024,1001,Tuberculosis incidence rate,22,All Ages,1,Males,1,Better,TB Incid,"Age-standardized rate of tuberculosis cases (per 100,000).",44.225484919796486
12,39,Tajikistan,2024,1001,Tuberculosis incidence rate,22,All Ages,2,Females,-1,Worse,TB Incid,"Age-standardized rate of tuberculosis cases (per 100,000).",50.54188569019848
13,39,Tajikistan,2024,1001,Tuberculosis incidence rate,22,All Ages,2,Females,0,Reference,TB Incid,"Age-standardized rate of tuberculosis cases (per 100,000).",46.7359239119636
14,39,Tajikistan,2024,1001,Tuberculosis incidence rate,22,All Ages,2,Females,1,Better,TB Incid,"Age-standardized rate of tuberculosis cases (per 100,000).",44.514583285593055
15,39,Tajikistan,2024,1001,Tuberculosis incidence rate,22,All Ages,3,Both sexes,-1,Worse,TB Incid,"Age-standardized rate of tuberculosis cases (per 100,000).",50.22107809815264
16,39,Tajikistan,2024,1001,Tuberculosis incidence rate,22,All Ages,3,Both sexes,0,Reference,TB Incid,"Age-standardized rate of tuberculosis cases (per 100,000).",46.27023840231106
17,39,Tajikistan,2024,1001,Tuberculosis incidence rate,22,All Ages,3,Both sexes,1,Better,TB Incid,"Age-standardized rate of tuberculosis cases (per 100,000).",44.36841803046193
18,39,Tajikistan,2024,1002,Malaria incidence rate,22,All Ages,1,Males,-1,Worse,Malaria Incid,"Age-standardized rate of malaria cases (per 1,000).",0.0
19,39,Tajikistan,2024,1002,Malaria incidence rate,22,All Ages,1,Males,0,Reference,Malaria Incid,"Age-standardized rate of malaria cases (per 1,000).",0.0
20,39,Tajikistan,2024,1002,Malaria incidence rate,22,All Ages,1,Males,1,Better,Malaria Incid,"Age-standardized rate of malaria cases (per 1,000).",0.0
21,39,Tajikistan,2024,1002,Malaria incidence rate,22,All Ages,2,Females,-1,Worse,Malaria Incid,"Age-standardized rate of malaria cases (per 1,000).",0.0
22,39,Tajikistan,2024,1002,Malaria incidence rate,22,All Ages,2,Females,0,Reference,Malaria Incid,"Age-standardized rate of malaria cases (per 1,000).",0.0
23,39,Tajikistan,2024,1002,Malaria incidence rate,22,All Ages,2,Females,1,Better,Malaria Incid,"Age-standardized rate of malaria cases (per 1,000).",0.0
24,39,Tajikistan,2024,1002,Malaria incidence rate,22,All Ages,3,Both sexes,-1,Worse,Malaria Incid,"Age-standardized rate of malaria cases (per 1,000).",0.0
25,39,Tajikistan,2024,1002,Malaria incidence rate,22,All Ages,3,Both sexes,0,Reference,Malaria Incid,"Age-standardized rate of malaria cases (per 1,000).",0.0
26,39,Tajikistan,2024,1002,Malaria incidence rate,22,All Ages,3,Both sexes,1,Better,Malaria Incid,"Age-standardized rate of malaria cases (per 1,000).",0.0
27,39,Tajikistan,2024,1004,Prevalence of 15 neglected tropical diseases,22,All Ages,1,Males,-1,Worse,NTD Prev,Age-standardized prevalence of 15 neglected tropical diseases (NTDs). Prevalence estimates reported here may exceed 100% as they reflect the sum of prevalent cases of 15 NTDs.,6939.723621294041
28,39,Tajikistan,2024,1004,Prevalence of 15 neglected tropical diseases,22,All Ages,1,Males,0,Reference,NTD Prev,Age-standardized prevalence of 15 neglected tropical diseases (NTDs). Prevalence estimates reported here may exceed 100% as they reflect the sum of prevalent cases of 15 NTDs.,6469.4814844986095
29,39,Tajikistan,2024,1004,Prevalence of 15 neglected tropical diseases,22,All Ages,1,Males,1,Better,NTD Prev,Age-standardized prevalence of 15 neglected tropical diseases (NTDs). Prevalence estimates reported here may exceed 100% as they reflect the sum of prevalent cases of 15 NTDs.,5848.821997772074
30,39,Tajikistan,2024,1004,Prevalence of 15 neglected tropical diseases,22,All Ages,2,Females,-1,Worse,NTD Prev,Age-standardized prevalence of 15 neglected tropical diseases (NTDs). Prevalence estimates reported here may exceed 100% as they reflect the sum of prevalent cases of 15 NTDs.,6896.692383820048
31,39,Tajikistan,2024,1004,Prevalence of 15 neglected tropical diseases,22,All Ages,2,Females,0,Reference,NTD Prev,Age-standardized prevalence of 15 neglected tropical diseases (NTDs). Prevalence estimates reported here may exceed 100% as they reflect the sum of prevalent cases of 15 NTDs.,6435.276264744831
32,39,Tajikistan,2024,1004,Prevalence of 15 neglected tropical diseases,22,All Ages,2,Females,1,Better,NTD Prev,Age-standardized prevalence of 15 neglected tropical diseases (NTDs). Prevalence estimates reported here may exceed 100% as they reflect the sum of prevalent cases of 15 NTDs.,5832.910731618576
33,39,Tajikistan,2024,1004,Prevalence of 15 neglected tropical diseases,22,All Ages,3,Both sexes,-1,Worse,NTD Prev,Age-standardized prevalence of 15 neglected tropical diseases (NTDs). Prevalence estimates reported here may exceed 100% as they reflect the sum of prevalent cases of 15 NTDs.,6918.449811836301
34,39,Tajikistan,2024,1004,Prevalence of 15 neglected tropical diseases,22,All Ages,3,Both sexes,0,Reference,NTD Prev,Age-standardized prevalence of 15 neglected tropical diseases (NTDs). Prevalence estimates reported here may exceed 100% as they reflect the sum of prevalent cases of 15 NTDs.,6452.572548773915
35,39,Tajikistan,2024,1004,Prevalence of 15 neglected tropical diseases,22,All Ages,3,Both sexes,1,Better,NTD Prev,Age-standardized prevalence of 15 neglected tropical diseases (NTDs). Prevalence estimates reported here may exceed 100% as they reflect the sum of prevalent cases of 15 NTDs.,5840.957258875952
36,39,Tajikistan,2024,1035,Met need for family planning with modern contraception methods,24,15-49 years,2,Females,-1,Worse,"FP Need Met, Mod",Proportion of women of reproductive age (15 to 49 years) who have their need for family planning met with modern contraception methods.,53.15161988558503
37,39,Tajikistan,2024,1035,Met need for family planning with modern contraception methods,24,15-49 years,2,Females,0,Reference,"FP Need Met, Mod",Proportion of women of reproductive age (15 to 49 years) who have their need for family planning met with modern contraception methods.,53.664637839471816
38,39,Tajikistan,2024,1035,Met need for family planning with modern contraception methods,24,15-49 years,2,Females,1,Better,"FP Need Met, Mod",Proportion of women of reproductive age (15 to 49 years) who have their need for family planning met with modern contraception methods.,54.95974320059821
39,39,Tajikistan,2024,1037,"Coverage of essential health services, as defined by the UHC service coverage index",22,All Ages,3,Both sexes,-1,Worse,UHC Index,"Coverage of essential health services, as defined by a universal health coverage (UHC) service coverage index of based on 9 tracer interventions and risk-standardized death rates or mortality-to-incidence ratios from 32 causes amenable to healthcare.",46.1167726109331
40,39,Tajikistan,2024,1037,"Coverage of essential health services, as defined by the UHC service coverage index",22,All Ages,3,Both sexes,0,Reference,UHC Index,"Coverage of essential health services, as defined by a universal health coverage (UHC) service coverage index of based on 9 tracer interventions and risk-standardized death rates or mortality-to-incidence ratios from 32 causes amenable to healthcare.",46.5140609841094
41,39,Tajikistan,2024,1037,"Coverage of essential health services, as defined by the UHC service coverage index",22,All Ages,3,Both sexes,1,Better,UHC Index,"Coverage of essential health services, as defined by a universal health coverage (UHC) service coverage index of based on 9 tracer interventions and risk-standardized death rates or mortality-to-incidence ratios from 32 causes amenable to healthcare.",47.4328228321776
42,39,Tajikistan,2024,1040,Under-5 mortality rate,1,Under 5,1,Males,-1,Worse,Under-5 Mort,"Under-5 mortality rate (probability of dying before the age of 5 years per 1,000 live births).",36.70378462576001
43,39,Tajikistan,2024,1040,Under-5 mortality rate,1,Under 5,1,Males,0,Reference,Under-5 Mort,"Under-5 mortality rate (probability of dying before the age of 5 years per 1,000 live births).",34.97712703739618
44,39,Tajikistan,2024,1040,Under-5 mortality rate,1,Under 5,1,Males,1,Better,Under-5 Mort,"Under-5 mortality rate (probability of dying before the age of 5 years per 1,000 live births).",33.37329143409821
45,39,Tajikistan,2024,1040,Under-5 mortality rate,1,Under 5,2,Females,-1,Worse,Under-5 Mort,"Under-5 mortality rate (probability of dying before the age of 5 years per 1,000 live births).",28.009026287568908
46,39,Tajikistan,2024,1040,Under-5 mortality rate,1,Under 5,2,Females,0,Reference,Under-5 Mort,"Under-5 mortality rate (probability of dying before the age of 5 years per 1,000 live births).",26.68559327769856
47,39,Tajikistan,2024,1040,Under-5 mortality rate,1,Under 5,2,Females,1,Better,Under-5 Mort,"Under-5 mortality rate (probability of dying before the age of 5 years per 1,000 live births).",25.34020714893928
48,39,Tajikistan,2024,1040,Under-5 mortality rate,1,Under 5,3,Both sexes,-1,Worse,Under-5 Mort,"Under-5 mortality rate (probability of dying before the age of 5 years per 1,000 live births).",32.518944467648936
49,39,Tajikistan,2024,1040,Under-5 mortality rate,1,Under 5,3,Both sexes,0,Reference,Under-5 Mort,"Under-5 mortality rate (probability of dying before the age of 5 years per 1,000 live births).",30.986385790688857
50,39,Tajikistan,2024,1040,Under-5 mortality rate,1,Under 5,3,Both sexes,1,Better,Under-5 Mort,"Under-5 mortality rate (probability of dying before the age of 5 years per 1,000 live births).",29.50707403699949
51,39,Tajikistan,2024,1041,Neonatal mortality rate,42,Neonatal,1,Males,-1,Worse,Neonatal Mort,"Neonatal mortality rate (probability of dying during the first 28 days of life per 1,000 live births).",16.872380894335013
52,39,Tajikistan,2024,1041,Neonatal mortality rate,42,Neonatal,1,Males,0,Reference,Neonatal Mort,"Neonatal mortality rate (probability of dying during the first 28 days of life per 1,000 live births).",16.21459731765163
53,39,Tajikistan,2024,1041,Neonatal mortality rate,42,Neonatal,1,Males,1,Better,Neonatal Mort,"Neonatal mortality rate (probability of dying during the first 28 days of life per 1,000 live births).",15.537304694118207
54,39,Tajikistan,2024,1041,Neonatal mortality rate,42,Neonatal,2,Females,-1,Worse,Neonatal Mort,"Neonatal mortality rate (probability of dying during the first 28 days of life per 1,000 live births).",12.930549205827475
55,39,Tajikistan,2024,1041,Neonatal mortality rate,42,Neonatal,2,Females,0,Reference,Neonatal Mort,"Neonatal mortality rate (probability of dying during the first 28 days of life per 1,000 live births).",12.520389583382704
56,39,Tajikistan,2024,1041,Neonatal mortality rate,42,Neonatal,2,Females,1,Better,Neonatal Mort,"Neonatal mortality rate (probability of dying during the first 28 days of life per 1,000 live births).",11.950753990677224
57,39,Tajikistan,2024,1041,Neonatal mortality rate,42,Neonatal,3,Both sexes,-1,Worse,Neonatal Mort,"Neonatal mortality rate (probability of dying during the first 28 days of life per 1,000 live births).",14.9756638236968
58,39,Tajikistan,2024,1041,Neonatal mortality rate,42,Neonatal,3,Both sexes,0,Reference,Neonatal Mort,"Neonatal mortality rate (probability of dying during the first 28 days of life per 1,000 live births).",14.436092589282437
59,39,Tajikistan,2024,1041,Neonatal mortality rate,42,Neonatal,3,Both sexes,1,Better,Neonatal Mort,"Neonatal mortality rate (probability of dying during the first 28 days of life per 1,000 live births).",13.811223252265012
60,39,Tajikistan,2024,1044,Prevalence of child stunting,1,Under 5,1,Males,-1,Worse,Child Stunting,Prevalence of stunting among children under 5 years.,23.50027018
61,39,Tajikistan,2024,1044,Prevalence of child stunting,1,Under 5,1,Males,0,Reference,Child Stunting,Prevalence of stunting among children under 5 years.,23.00515598
62,39,Tajikistan,2024,1044,Prevalence of child stunting,1,Under 5,1,Males,1,Better,Child Stunting,Prevalence of stunting among children under 5 years.,23.00515598
63,39,Tajikistan,2024,1044,Prevalence of child stunting,1,Under 5,2,Females,-1,Worse,Child Stunting,Prevalence of stunting among children under 5 years.,21.33445774
64,39,Tajikistan,2024,1044,Prevalence of child stunting,1,Under 5,2,Females,0,Reference,Child Stunting,Prevalence of stunting among children under 5 years.,20.87411896
65,39,Tajikistan,2024,1044,Prevalence of child stunting,1,Under 5,2,Females,1,Better,Child Stunting,Prevalence of stunting among children under 5 years.,20.87411896
66,39,Tajikistan,2024,1044,Prevalence of child stunting,1,Under 5,3,Both sexes,-1,Worse,Child Stunting,Prevalence of stunting among children under 5 years.,22.44686403
67,39,Tajikistan,2024,1044,Prevalence of child stunting,1,Under 5,3,Both sexes,0,Reference,Child Stunting,Prevalence of stunting among children under 5 years.,21.96866387
68,39,Tajikistan,2024,1044,Prevalence of child stunting,1,Under 5,3,Both sexes,1,Better,Child Stunting,Prevalence of stunting among children under 5 years.,21.96866387
69,39,Tajikistan,2024,1051,Risk-weighted prevalence of populations using unsafe sanitation,22,All Ages,3,Both sexes,-1,Worse,Sanitation,"Risk-weighted prevalence of populations using unsafe or unimproved sanitation, as measured by the summary exposure value (SEV) for unsafe sanitation.",69.29824387
70,39,Tajikistan,2024,1051,Risk-weighted prevalence of populations using unsafe sanitation,22,All Ages,3,Both sexes,0,Reference,Sanitation,"Risk-weighted prevalence of populations using unsafe or unimproved sanitation, as measured by the summary exposure value (SEV) for unsafe sanitation.",69.92578911
71,39,Tajikistan,2024,1051,Risk-weighted prevalence of populations using unsafe sanitation,22,All Ages,3,Both sexes,1,Better,Sanitation,"Risk-weighted prevalence of populations using unsafe or unimproved sanitation, as measured by the summary exposure value (SEV) for unsafe sanitation.",72.38669947
72,39,Tajikistan,2024,1218,Maternal mortality ratio (WHO),24,15-49 years,2,Females,-1,Worse,Mat Mort Ratio,"Maternal mortality ratio (maternal deaths among women aged 15-49 years per 100,000 live births) without late cause deaths.",23.908206740355205
73,39,Tajikistan,2024,1218,Maternal mortality ratio (WHO),24,15-49 years,2,Females,0,Reference,Mat Mort Ratio,"Maternal mortality ratio (maternal deaths among women aged 15-49 years per 100,000 live births) without late cause deaths.",20.503153200689525
74,39,Tajikistan,2024,1218,Maternal mortality ratio (WHO),24,15-49 years,2,Females,1,Better,Mat Mort Ratio,"Maternal mortality ratio (maternal deaths among women aged 15-49 years per 100,000 live births) without late cause deaths.",18.29902195238672
75,39,Tajikistan,2024,1222,Coverage of DPT3,22,All Ages,3,Both sexes,-1,Worse,Vaccine Cov DPT3,Coverage of DPT3 vaccine.,87.09270439277185
76,39,Tajikistan,2024,1222,Coverage of DPT3,22,All Ages,3,Both sexes,0,Reference,Vaccine Cov DPT3,Coverage of DPT3 vaccine.,89.27082660182612
77,39,Tajikistan,2024,1222,Coverage of DPT3,22,All Ages,3,Both sexes,1,Better,Vaccine Cov DPT3,Coverage of DPT3 vaccine.,92.32253468872425
78,39,Tajikistan,2024,1223,Coverage of measles (two doses),22,All Ages,3,Both sexes,-1,Worse,Vaccine Cov MCV2,Coverage of measles vaccine (two doses).,87.35956825903719
79,39,Tajikistan,2024,1223,Coverage of measles (two doses),22,All Ages,3,Both sexes,0,Reference,Vaccine Cov MCV2,Coverage of measles vaccine (two doses).,90.19327659659238
80,39,Tajikistan,2024,1223,Coverage of measles (two doses),22,All Ages,3,Both sexes,1,Better,Vaccine Cov MCV2,Coverage of measles vaccine (two doses).,93.95077903804918
81,39,Tajikistan,2024,1224,Coverage of pneumococcal conjugate,22,All Ages,3,Both sexes,-1,Worse,Vaccine Cov PCV,Coverage of pneumococcal conjugate vaccine (three doses),2.577364679410962
82,39,Tajikistan,2024,1224,Coverage of pneumococcal conjugate,22,All Ages,3,Both sexes,0,Reference,Vaccine Cov PCV,Coverage of pneumococcal conjugate vaccine (three doses),16.58321131913664
83,39,Tajikistan,2024,1224,Coverage of pneumococcal conjugate,22,All Ages,3,Both sexes,1,Better,Vaccine Cov PCV,Coverage of pneumococcal conjugate vaccine (three doses),28.77985077002561
84,39,Tajikistan,2024,1243,Prevalence of daily smoking,27,Age-standardized,1,Males,-1,Worse,Smoking Prev,Age-standardized prevalence of daily smoking among populations aged 15 years and older.,15.447889789051942
85,39,Tajikistan,2024,1243,Prevalence of daily smoking,27,Age-standardized,1,Males,0,Reference,Smoking Prev,Age-standardized prevalence of daily smoking among populations aged 15 years and older.,14.550124039327072
86,39,Tajikistan,2024,1243,Prevalence of daily smoking,27,Age-standardized,1,Males,1,Better,Smoking Prev,Age-standardized prevalence of daily smoking among populations aged 15 years and older.,14.537283147036035
87,39,Tajikistan,2024,1243,Prevalence of daily smoking,27,Age-standardized,2,Females,-1,Worse,Smoking Prev,Age-standardized prevalence of daily smoking among populations aged 15 years and older.,1.046799256437161
88,39,Tajikistan,2024,1243,Prevalence of daily smoking,27,Age-standardized,2,Females,0,Reference,Smoking Prev,Age-standardized prevalence of daily smoking among populations aged 15 years and older.,0.984540587495857
89,39,Tajikistan,2024,1243,Prevalence of daily smoking,27,Age-standardized,2,Females,1,Better,Smoking Prev,Age-standardized prevalence of daily smoking among populations aged 15 years and older.,0.9784447772072956
90,39,Tajikistan,2024,1243,Prevalence of daily smoking,27,Age-standardized,3,Both sexes,-1,Worse,Smoking Prev,Age-standardized prevalence of daily smoking among populations aged 15 years and older.,8.195083534006304
91,39,Tajikistan,2024,1243,Prevalence of daily smoking,27,Age-standardized,3,Both sexes,0,Reference,Smoking Prev,Age-standardized prevalence of daily smoking among populations aged 15 years and older.,7.719541070319491
92,39,Tajikistan,2024,1243,Prevalence of daily smoking,27,Age-standardized,3,Both sexes,1,Better,Smoking Prev,Age-standardized prevalence of daily smoking among populations aged 15 years and older.,7.71057995912441
